{"cameraMode":{"drawMode":0,"name":"Shaded","section":"Shading Mode"},"sceneLighting":true,"audioPlay":false,"sceneViewState":{"showFog":true,"showMaterialUpdate":false,"showSkybox":false,"showFlares":true,"showImageEffects":true,"showParticleSystems":true},"in2DMode":false,"pivot":{"x":0.6200001239776611,"y":2.3435001373291017,"z":-1.4797024726867676},"rotation":{"x":0.01971353404223919,"y":0.4542483985424042,"z":0.010186380706727505,"w":-0.8906875252723694},"size":49.517051696777347,"orthographic":false}